Gemeinde,Kanton,Einwohner,Fläche
Aadorf,TG,9800,19.94
Aarau,AG,22710,12.34
Aarberg,BE,4620,7.93
Aarburg,AG,8917,4.41
Aarwangen,BE,4813,9.9
Abtwil,AG,1120,4.14
Aclens,VD,585,3.9
Acquarossa,TI,1796,61.78
Adelboden,BE,3420,87.62
Adligenswil,LU,5617,6.99
Adliswil,ZH,19893,7.77
Aedermannsdorf,SO,593,12.92
Aefligen,BE,1140,2.04
Aegerten,BE,2473,2.16
Aesch (BL),BL,11137,7.4
Aesch (LU),LU,1453,4.61
Aesch (ZH),ZH,1659,5.24
Aeschi (SO),SO,1328,5.48
Aeschi bei Spiez,BE,2325,31
Aeugst am Albis,ZH,1995,7.91
Affeltrangen,TG,2880,14.43
Affoltern am Albis,ZH,12882,10.59
Affoltern im Emmental,BE,1211,11.51
Agarn,VS,745,7.65
Agiez,VD,372,5.46
Agno,TI,4554,2.49
Aigle,VD,11752,16.41
Aire-la-Ville,GE,1173,2.93
Airolo,TI,1452,94.35
Alberswil,LU,735,3.53
Albinen,VS,259,15.56
Albula/Alvra,GR,1354,93.93
Alchenstorf,BE,634,6.57
Allaman,VD,430,2.61
Alle,JU,1946,10.6
Allmendingen,BE,532,3.81
Allschwil,BL,22155,8.89
Alpnach,OW,6511,53.79
Alpthal,SZ,632,22.88
Altbüron,LU,1014,6.75
Altdorf (UR),UR,10459,10.21
Altendorf,SZ,7426,20.41
Altikon,ZH,774,7.7
Altishofen,LU,2057,14.32
Altnau,TG,2355,6.73
Alto Malcantone,TI,1390,22.06
Altstätten,SG,12581,39.46
Amden,SG,1901,43.05
Amlikon-Bissegg,TG,1414,14.46
Ammerswil,AG,802,3.19
Amriswil,TG,14951,19.02
Amsoldingen,BE,834,4.71
Andeer,GR,923,46.3
Andelfingen,ZH,3681,16.99
Andermatt,UR,1578,62.26
Andwil (SG),SG,2144,6.31
Anières,GE,2563,3.86
Anniviers,VS,2790,243.37
Anwil,BL,547,3.95
Appenzell,AI,6096,16.88
Aranno,TI,351,2.59
Arbaz,VS,1461,19.16
Arbedo-Castione,TI,5160,21.39
Arboldswil,BL,608,3.47
Arbon,TG,16354,6
Arch,BE,1744,6.38
Ardon,VS,3835,20.39
Arisdorf,BL,1734,10
Aristau,AG,1603,8.64
Arlesheim,BL,9314,6.93
Arnex-sur-Nyon,VD,270,2.04
Arnex-sur-Orbe,VD,694,7.62
Arni (AG),AG,1987,3.37
Arni (BE),BE,983,10.43
Arogno,TI,938,8.49
Arosa,GR,3159,154.78
Arth,SZ,12524,42.02
Arzier-Le Muids,VD,2968,51.9
Ascona,TI,5322,4.95
Assens,VD,1717,8.46
Attalens,FR,3693,9.74
Attinghausen,UR,1787,46.89
Attiswil,BE,1546,7.65
Au (SG),SG,8628,4.65
Aubonne,VD,3856,14.33
Auenstein,AG,1743,5.68
Augst,BL,1087,1.65
Ausserberg,VS,640,15.13
Auswil,BE,477,4.62
Autigny,FR,840,6.22
Auw,AG,2301,8.56
Avegno Gordevio,TI,1534,27.33
Avenches,VD,4875,19.47
Avers,GR,169,93.14
Avry,FR,1949,5.83
Avully,GE,1746,4.62
Avusy,GE,1412,5.17
Ayent,VS,4451,55.34
Baar,ZG,25004,24.85
Bachenbülach,ZH,4286,4.31
Bachs,ZH,678,9.13
Bad Ragaz,SG,6872,25.4
Baden,AG,23853,14.72
Balerna,TI,3356,2.53
Balgach,SG,5210,6.52
Ballaigues,VD,1218,9.06
Ballens,VD,579,8.45
Ballwil,LU,2840,8.77
Balm bei Günsberg,SO,230,5.47
Balsthal,SO,6560,15.71
Baltschieder,VS,1386,31.23
Bannwil,BE,678,4.78
Bardonnex,GE,2545,5
Bäretswil,ZH,5148,22.19
Bargen (BE),BE,1096,7.86
Bargen (SH),SH,342,8.27
Bäriswil,BE,1119,2.73
Bärschwil,SO,796,11.19
Bas-Intyamon,FR,1726,33.34
Basadingen-Schlattingen,TG,1902,15.63
Basel,BS,177571,23.85
Basse-Allaine,JU,1197,23.04
Basse-Vendline,JU,736,18.67
Bassersdorf,ZH,12301,9.03
Bassins,VD,1483,20.78
Bätterkinden,BE,3375,10.19
Bättwil,SO,1192,1.67
Baulmes,VD,1165,22.5
Bauma,ZH,5112,29.53
Bavois,VD,1041,9.35
Beatenberg,BE,1229,29.25
Beckenried,NW,3712,24.24
Bedano,TI,1510,1.87
Bedretto,TI,108,75.19
Beggingen,SH,485,12.58
Begnins,VD,2035,4.79
Beinwil (Freiamt),AG,1309,11.31
Beinwil (SO),SO,262,22.66
Beinwil am See,AG,3719,3.82
Belfaux,FR,3452,8.88
Bellach,SO,5556,5.29
Bellevue,GE,4105,4.37
Bellikon,AG,1580,4.94
Bellinzona,TI,45305,164.2
Bellmund,BE,1801,3.8
Bellwald,VS,363,13.96
Belmont-Broye,FR,6148,25.8
Belmont-sur-Lausanne,VD,3915,2.65
Belmont-sur-Yverdon,VD,445,6.47
Belp,BE,11718,23.26
Belprahon,BE,266,3.82
Benken (SG),SG,3073,16.49
Benken (ZH),ZH,883,5.66
Bennwil,BL,677,6.53
Bercher,VD,1344,4.27
Berg (SG),SG,1033,3.76
Berg (TG),TG,3590,13.14
Berg am Irchel,ZH,589,7.01
Bergdietikon,AG,2997,5.94
Bergün Filisur,GR,898,190.14
Berikon,AG,5000,5.38
Beringen,SH,5269,18.68
Berken,BE,47,1.39
Berlingen,TG,957,3.58
Bern,BE,137995,51.62
Berneck,SG,4008,5.62
Bernex,GE,11112,12.95
Berolle,VD,303,9.61
Beromünster,LU,6830,42.13
Besenbüren,AG,637,2.38
Bettenhausen,BE,692,3.94
Bettens,VD,646,3.74
Bettingen,BS,1279,2.23
Bettlach,SO,4987,12.19
Bettmeralp,VS,483,28.79
Bettwiesen,TG,1342,3.85
Bettwil,AG,716,4.25
Bever,GR,618,45.75
Bex,VD,8841,96.56
Biasca,TI,6201,59.09
Biberist,SO,9545,12.25
Biberstein,AG,1657,4.1
Bichelsee-Balterswil,TG,3030,12.26
Biel-Benken,BL,3485,4.12
Biel/Bienne,BE,56896,21.19
Bière,VD,1669,25.06
Biezwil,SO,345,4.15
Biglen,BE,1856,3.59
Billens-Hennens,FR,903,4.89
Binn,VS,129,65.09
Binningen,BL,16053,4.46
Bioggio,TI,2801,6.4
Bioley-Magnoux,VD,257,4.29
Birmensdorf (ZH),ZH,7380,11.42
Birmenstorf (AG),AG,3066,7.8
Birr,AG,4847,5.05
Birrhard,AG,969,3
Birrwil,AG,1414,3.41
Birsfelden,BL,10445,2.51
Birwinken,TG,1428,12.29
Bischofszell,TG,6417,11.58
Bissone,TI,930,1.85
Bister,VS,37,5.81
Bitsch,VS,1142,5.79
Blatten,VS,300,90.51
Blauen,BL,707,7.12
Bleienbach,BE,779,5.69
Blenio,TI,1747,202
Blonay – Saint-Légier,VD,12464,31.24
Blumenstein,BE,1308,15.52
Böckten,BL,857,2.28
Boécourt,JU,961,12.35
Bofflens,VD,200,4.21
Bogis-Bossey,VD,991,2.45
Bois-d’Amont,FR,2422,12.28
Bolken,SO,577,2.12
Bolligen,BE,6374,16.57
Boltigen,BE,1272,77.07
Bonaduz,GR,3565,14.4
Boncourt,JU,1170,9.02
Bönigen,BE,2786,15.08
Boningen,SO,813,2.76
Boniswil,AG,1770,2.41
Bonstetten,ZH,5712,7.43
Bonvillars,VD,517,7.53
Boppelsen,ZH,1425,3.96
Borex,VD,1146,1.99
Bosco/Gurin,TI,47,22
Bösingen,FR,3360,14.32
Bossonnens,FR,1593,4.12
Boswil,AG,3114,11.78
Bottens,VD,1354,6.88
Bottenwil,AG,863,5.1
Botterens,FR,759,4.27
Bottighofen,TG,2696,2.42
Bottmingen,BL,7014,2.99
Böttstein,AG,4326,7.43
Boudry,NE,6317,16.76
Bougy-Villars,VD,514,1.77
Boulens,VD,368,3.42
Bourg-en-Lavaux,VD,5464,9.64
Bourg-Saint-Pierre,VS,222,89.8
Bournens,VD,531,3.91
Bourrignon,JU,263,13.55
Boussens,VD,1006,3.16
Bovernier,VS,952,13.07
Bowil,BE,1293,14.68
Bözberg,AG,1696,15.5
Böztal,AG,2940,22.31
Braunau,TG,904,9.17
Bregaglia,GR,1591,251.42
Breggia,TI,1889,25.48
Breil/Brigels,GR,1706,96.58
Breitenbach,SO,4366,6.8
Bremblens,VD,614,2.91
Bremgarten (AG),AG,8871,11.36
Bremgarten bei Bern,BE,4424,1.9
Brenzikofen,BE,534,2.19
Bretigny-sur-Morrens,VD,899,2.87
Bretonnières,VD,261,5.45
Bretzwil,BL,736,7.33
Brienz (BE),BE,3256,48.07
Brienzwiler,BE,514,17.63
Brig-Glis,VS,14085,37.67
Brione sopra Minusio,TI,436,3.82
Brislach,BL,1772,9.42
Brissago,TI,1619,17.89
Brittnau,AG,4339,13.67
Broc,FR,2848,10.03
Brot-Plamboz,NE,297,16.09
Brugg,AG,15234,8.25
Brügg,BE,4650,5
Brunegg,AG,920,1.55
Brünisried,FR,724,3.25
Brusino Arsizio,TI,474,4.12
Brusio,GR,1099,46.3
Brüttelen,BE,641,6.61
Brütten,ZH,2247,6.6
Bubendorf,BL,4534,10.8
Bubikon,ZH,7661,11.61
Buch (SH),SH,336,3.8
Buch am Irchel,ZH,1066,10.21
Buchberg,SH,885,5.86
Buchegg,SO,2964,25.65
Buchholterberg,BE,1552,15.33
Buchillon,VD,686,2.12
Buchrain,LU,6807,4.8
Buchs (AG),AG,8491,5.32
Buchs (SG),SG,14038,15.95
Buchs (ZH),ZH,6808,5.84
Buckten,BL,715,2
Büetigen,BE,916,3.61
Bühl,BE,482,2.97
Bühler,AR,1934,5.6
Bülach,ZH,24508,16.09
Bulle,FR,27101,23.86
Bullet,VD,681,16.82
Bünzen,AG,1245,5.78
Buochs,NW,5483,9.96
Bürchen,VS,767,13.46
Bure,JU,645,13.68
Büren (SO),SO,1077,6.23
Büren an der Aare,BE,3806,12.6
Burg im Leimental,BL,286,2.84
Burgdorf,BE,17292,15.56
Burgistein,BE,1069,7.53
Bürglen (TG),TG,4173,11.71
Bürglen (UR),UR,3901,53.06
Büron,LU,2768,5.37
Bursinel,VD,532,1.78
Bursins,VD,814,3.37
Burtigny,VD,401,5.68
Buseno,GR,91,11.15
Büsserach,SO,2450,7.55
Bussigny,VD,11632,4.81
Bussnang,TG,2615,18.88
Busswil bei Melchnau,BE,166,2.86
Bussy-sur-Moudon,VD,262,3.12
Bütschwil-Ganterschwil,SG,5336,21.83
Büttenhardt,SH,438,4
Büttikon,AG,1170,2.82
Buttisholz,LU,3486,16.71
Buttwil,AG,1297,4.57
Buus,BL,1134,8.85
Cademario,TI,790,3.96
Cadempino,TI,1585,0.76
Cadenazzo,TI,3132,8.38
Calanca,GR,204,37.72
Cama,GR,720,14.99
Campo (Vallemaggia),TI,49,43.3
Canobbio,TI,2404,1.28
Capriasca,TI,6717,36.38
Carouge (GE),GE,22488,2.7
Cartigny,GE,1050,4.38
Caslano,TI,4400,2.79
Castaneda,GR,254,3.96
Castel San Pietro,TI,2262,11.84
Cazis,GR,2439,31.18
Celerina/Schlarigna,GR,1415,24.02
Céligny,GE,862,4.66
Centovalli,TI,1070,53.39
Cerentino,TI,37,20.1
Cevio,TI,1111,151.31
Chalais,VS,3927,24.34
Cham,ZG,18273,17.73
Chamblon,VD,554,2.86
Chamoson,VS,4389,32.47
Champagne,VD,1070,3.91
Champéry,VS,1404,38.85
Champoz,BE,150,7.17
Champtauroz,VD,196,3.05
Champvent,VD,724,9.03
Chancy,GE,1664,5.38
Chardonne,VD,3337,10.31
Château-d’Oex,VD,3653,113.67
Châtel-Saint-Denis,FR,8786,47.93
Châtel-sur-Montsalvens,FR,358,2.03
Châtillon (FR),FR,528,1.28
Châtillon (JU),JU,475,5.31
Châtonnaye,FR,860,6.31
Chavannes-de-Bogis,VD,1384,2.86
Chavannes-des-Bois,VD,983,2.12
Chavannes-le-Chêne,VD,322,4
Chavannes-le-Veyron,VD,160,2.64
Chavannes-près-Renens,VD,9774,1.65
Chavannes-sur-Moudon,VD,229,5.15
Chavornay,VD,5440,19.28
Chêne-Bougeries,GE,14342,4.14
Chêne-Bourg,GE,9578,1.28
Chêne-Pâquier,VD,173,2.11
Chénens,FR,886,3.94
Cheseaux-Noréaz,VD,736,5.99
Cheseaux-sur-Lausanne,VD,4847,4.59
Chéserex,VD,1279,10.58
Chessel,VD,527,3.56
Chevilly,VD,346,3.89
Chevroux,VD,494,4.33
Chexbres,VD,2261,2.15
Cheyres-Châbles,FR,2487,9.79
Chiasso,TI,7564,5.35
Chigny,VD,420,0.89
Chippis,VS,1615,1.97
Choulex,GE,1232,3.91
Chur,GR,39486,81.99
Churwalden,GR,2114,48.53
Clarmont,VD,228,1.02
Clos du Doubs,JU,1304,61.75
Coeuve,JU,717,11.62
Coinsins,VD,519,2.91
Coldrerio,TI,2834,2.46
Collex-Bossy,GE,1666,6.89
Collina d’Oro,TI,4903,6.14
Collombey-Muraz,VS,10051,29.75
Collonge-Bellerive,GE,8643,6.12
Collonges,VS,869,12.21
Cologny,GE,6027,3.67
Comano,TI,2186,2.06
Commugny,VD,2973,6.53
Concise,VD,1025,11.37
Confignon,GE,4553,2.77
Conters im Prättigau,GR,224,18.4
Conthey,VS,9408,84.95
Coppet,VD,3232,1.87
Corbeyrier,VD,452,22
Corbières,FR,1042,9.62
Corcelles (BE),BE,186,6.79
Corcelles-le-Jorat,VD,499,7.94
Corcelles-près-Concise,VD,434,4.06
Corcelles-près-Payerne,VD,2982,12.11
Corgémont,BE,1819,17.67
Corminboeuf,FR,3029,7.23
Cormoret,BE,511,13.48
Cornaux,NE,1682,4.73
Cornol,JU,1083,10.45
Corseaux,VD,2320,1.06
Corsier (GE),GE,2313,2.74
Corsier-sur-Vevey,VD,3385,6.74
Cortaillod,NE,4807,3.69
Cortébert,BE,660,14.75
Cossonay,VD,4893,8.28
Cottens (FR),FR,1529,4.97
Courchapoix,JU,449,6.39
Courchavon,JU,323,6.19
Courgenay,JU,2439,18.44
Courgevaux,FR,1458,3.38
Courrendlin,JU,3687,21.55
Courroux,JU,3443,19.74
Court,BE,1371,24.61
Courtedoux,JU,761,8.21
Courtelary,BE,1447,22.2
Courtepin,FR,5772,21.92
Courtételle,JU,2788,13.56
Crans,VD,2445,4.31
Crans-Montana,VS,10496,59.66
Crassier,VD,1275,2.03
Crémines,BE,537,9.48
Cressier (FR),FR,1109,4.17
Cressier (NE),NE,2005,8.57
Crésuz,FR,486,1.79
Crissier,VD,10676,5.5
Cronay,VD,426,6.58
Croy,VD,403,4.48
Cuarnens,VD,561,7.13
Cuarny,VD,241,4.56
Cudrefin,VD,1885,15.82
Cugnasco-Gerra,TI,2858,18.21
Cugy (FR),FR,2030,9.88
Cugy (VD),VD,2787,2.91
Cureglia,TI,1483,1.06
Curtilles,VD,308,4.96
Dachsen,ZH,1926,2.7
Dägerlen,ZH,1159,7.95
Dagmersellen,LU,6004,23.87
Daillens,VD,1097,5.52
Dallenwil,NW,1871,15.47
Dällikon,ZH,4466,4.51
Dalpe,TI,185,14.55
Damphreux-Lugnez,JU,370,10.77
Däniken,SO,3073,5.43
Dänikon,ZH,1866,2.87
Dardagny,GE,1828,8.6
Därligen,BE,416,6.93
Därstetten,BE,868,32.84
Dättlikon,ZH,839,2.88
Davos,GR,10774,284
Degersheim,SG,4216,14.48
Deisswil bei Münchenbuchsee,BE,85,2.16
Deitingen,SO,2338,7.6
Delémont,JU,12813,21.97
Delley-Portalban,FR,1319,7.23
Démoret,VD,173,4.28
Denens,VD,742,3.3
Denges,VD,1830,1.66
Densbüren,AG,769,12.52
Derendingen,SO,7133,5.62
Develier,JU,1393,12.47
Diegten,BL,1643,9.64
Dielsdorf,ZH,6725,5.87
Diemtigen,BE,2304,129.94
Diepflingen,BL,835,1.44
Diepoldsau,SG,6939,11.25
Dierikon,LU,1685,2.78
Diessbach bei Büren,BE,1052,6.33
Diessenhofen,TG,4138,10.08
Dietikon,ZH,28295,9.34
Dietlikon,ZH,8027,4.25
Dietwil,AG,1417,5.49
Dinhard,ZH,1731,7.07
Dintikon,AG,2428,3.72
Disentis/Mustér,GR,2104,90.99
Dittingen,BL,740,6.75
Dizy,VD,238,3.04
Domat/Ems,GR,8392,24.22
Domleschg,GR,2262,45.94
Dompierre (VD),VD,240,3.21
Donneloye,VD,916,9.01
Doppleschwand,LU,824,6.95
Dorénaz,VS,1113,12.58
Dorf,ZH,728,5.56
Dörflingen,SH,1056,5.82
Dornach,SO,6901,5.79
Dottikon,AG,4257,3.88
Döttingen,AG,4561,6.93
Dotzigen,BE,1580,4.23
Dozwil,TG,732,1.3
Drei Höfe,SO,732,4.57
Dübendorf,ZH,32571,13.62
Düdingen,FR,9116,30.76
Duggingen,BL,1621,5.86
Duillier,VD,1140,4.11
Dulliken,SO,5450,6.04
Dully,VD,620,1.64
Dürnten,ZH,8048,10.22
Dürrenäsch,AG,1375,5.91
Dürrenroth,BE,1077,14.13
Ebikon,LU,14788,9.68
Ebnat-Kappel,SG,5323,43.55
Echallens,VD,6719,6.66
Echandens,VD,2999,3.88
Echarlens,FR,846,4.66
Echichens,VD,3222,13.27
Eclépens,VD,1210,5.8
Ecublens (VD),VD,13364,5.72
Ederswiler,JU,115,3.31
Egerkingen,SO,4311,6.95
Egg,ZH,8815,14.53
Eggenwil,AG,1055,2.46
Eggerberg,VS,338,6.05
Eggersriet,SG,2434,8.9
Eggiwil,BE,2451,60.31
Eglisau,ZH,5750,9.06
Egliswil,AG,1605,6.29
Egnach,TG,5180,18.43
Egolzwil,LU,1664,4.18
Ehrendingen,AG,4928,7.29
Eich,LU,1750,5.94
Eichberg,SG,1617,5.44
Eiken,AG,2516,7.08
Einsiedeln,SZ,16532,98.93
Eischoll,VS,460,14.15
Eisten,VS,192,38.01
Elgg,ZH,5175,24.39
Ellikon an der Thur,ZH,1024,5.02
Elsau,ZH,3898,8.07
Embd,VS,285,14.04
Embrach,ZH,10356,12.69
Emmen,LU,32619,20.37
Emmetten,NW,1668,24.92
Endingen,AG,2717,11.91
Engelberg,OW,4416,74.87
Ennetbaden,AG,3703,2.11
Ennetbürgen,NW,5327,9.32
Ennetmoos,NW,2338,14.07
Entlebuch,LU,3422,56.9
Epalinges,VD,9905,4.57
Ependes (VD),VD,379,4.81
Eppenberg-Wöschnau,SO,340,1.81
Epsach,BE,366,3.41
Eptingen,BL,560,11.18
Ergisch,VS,183,29.53
Eriswil,BE,1337,11.34
Eriz,BE,480,21.78
Erlach,BE,1394,3.55
Erlen,TG,3980,12.19
Erlenbach (ZH),ZH,5505,2.89
Erlenbach im Simmental,BE,1731,36.69
Erlinsbach (AG),AG,4639,9.86
Erlinsbach (SO),SO,3736,8.87
Ermatingen,TG,3780,10.46
Ermensee,LU,1044,5.69
Ernen,VS,544,35.37
Erschwil,SO,967,7.43
Ersigen,BE,2032,15.46
Erstfeld,UR,3961,59.08
Eschenbach (LU),LU,3779,13.21
Eschenbach (SG),SG,10266,54.89
Eschenz,TG,1923,12.02
Eschert,BE,387,6.58
Eschlikon,TG,4916,6.22
Escholzmatt-Marbach,LU,4559,106.4
Essertines-sur-Rolle,VD,785,6.95
Essertines-sur-Yverdon,VD,1142,9.75
Estavayer,FR,10623,40.38
Etagnières,VD,1191,3.78
Etoy,VD,2962,4.92
Ettingen,BL,5567,6.32
Ettiswil,LU,2904,12.58
Etziken,SO,1069,3.37
Evilard,BE,2657,3.7
Evionnaz,VS,1500,48.08
Evolène,VS,1666,209.89
Eysins,VD,1774,2.38
Fahrni,BE,800,6.68
Fahrwangen,AG,2536,4.01
Fahy,JU,337,7.78
Faido,TI,2705,132.58
Falera,GR,635,22.36
Fällanden,ZH,9637,6.38
Faoug,VD,895,3.49
Farnern,BE,226,3.68
Féchy,VD,923,2.7
Fehraltorf,ZH,6883,9.47
Fehren,SO,600,1.48
Felben-Wellhausen,TG,3232,7.38
Feldbrunnen-St. Niklaus,SO,1071,2.51
Felsberg,GR,2886,13.4
Ferden,VS,248,27.92
Ferenbalm,BE,1253,9.13
Ferpicloz,FR,248,1.02
Ferrera,GR,76,75.46
Ferreyres,VD,309,3.16
Fétigny-Ménières,FR,1729,8.48
Feuerthalen,ZH,3848,2.48
Feusisberg,SZ,5600,17.5
Fey,VD,789,7.34
Fideris,GR,626,25.36
Fiesch,VS,910,11.03
Fieschertal,VS,357,172.82
Fiez,VD,432,6.83
Finhaut,VS,418,22.82
Finsterhennen,BE,570,3.57
Fischbach,LU,724,8.05
Fischbach-Göslikon,AG,1733,3.07
Fischenthal,ZH,2666,30.24
Fischingen,TG,3028,30.58
Fisibach,AG,605,5.77
Fislisbach,AG,6140,5.05
Flaach,ZH,1494,10.17
Fläsch,GR,879,19.94
Flawil,SG,10632,11.47
Flerden,GR,255,6.09
Flims,GR,2902,50.5
Flüelen,UR,2071,12.38
Flühli,LU,1858,108.17
Flumenthal,SO,1052,3.11
Flums,SG,5400,75.15
Flurlingen,ZH,1520,2.42
Fontaines-sur-Grandson,VD,219,7.86
Fontenais,JU,1632,19.99
Forel (Lavaux),VD,2087,18.51
Forst-Längenbühl,BE,779,4.5
Founex,VD,3763,4.79
Fräschels,FR,445,3.11
Fraubrunnen,BE,5498,31.91
Frauenfeld,TG,27099,27.35
Frauenkappelen,BE,1470,9.29
Freienbach,SZ,17028,13.8
Freienstein-Teufen,ZH,2372,8.4
Freienwil,AG,1100,3.99
Freimettigen,BE,453,2.96
Frenkendorf,BL,6651,4.59
Fribourg,FR,39151,9.29
Frick,AG,5924,9.96
Froideville,VD,2729,7.08
Frutigen,BE,7100,72.28
Fulenbach,SO,1821,4.48
Full-Reuenthal,AG,1013,4.78
Füllinsdorf,BL,4730,4.62
Fully,VS,9310,37.81
Furna,GR,203,33.32
Fürstenau,GR,353,1.32
Gächlingen,SH,1029,7.13
Gachnang,TG,4636,9.74
Gais,AR,3134,21.21
Gaiserwald,SG,8714,12.63
Galgenen,SZ,5463,13.27
Gals,BE,849,7.85
Gambarogno,TI,5024,51.79
Gampel-Bratsch,VS,2247,23.04
Gampelen,BE,1016,10.84
Gams,SG,3728,22.27
Gansingen,AG,1128,8.77
Gebenstorf,AG,5807,5.65
Gelterkinden,BL,6458,9.78
Geltwil,AG,241,3.28
Gempen,SO,934,5.99
Genève,GE,209061,15.96
Genolier,VD,2012,4.86
Genthod,GE,2861,2.87
Gerlafingen,SO,5859,1.85
Geroldswil,ZH,5312,1.93
Gersau,SZ,2462,14.35
Gerzensee,BE,1301,7.81
Geuensee,LU,2941,6.47
Gibloux,FR,8393,36.06
Giebenach,BL,1136,1.34
Giez,VD,464,4.76
Giffers,FR,1703,5.22
Gilly,VD,1441,7.76
Gimel,VD,2457,18.88
Gingins,VD,1256,12.56
Giornico,TI,1762,26
Gipf-Oberfrick,AG,3887,10.17
Gisikon,LU,1515,1.08
Giswil,OW,3988,85.91
Givisiez,FR,3457,3.46
Givrins,VD,1068,3.96
Gland,VD,13987,8.31
Glarus,GL,12886,103.67
Glarus Nord,GL,19810,146.98
Glarus Süd,GL,9675,430.03
Glattfelden,ZH,5438,12.29
Gletterens,FR,1161,2.97
Goldach,SG,9783,4.71
Gollion,VD,1066,5.45
Gommiswald,SG,5718,33.59
Goms,VS,1149,129.53
Gondiswil,BE,731,9.41
Gonten,AI,1474,24.73
Gontenschwil,AG,2209,9.74
Gordola,TI,4831,6.95
Göschenen,UR,458,104.15
Gossau (SG),SG,18633,27.51
Gossau (ZH),ZH,10605,18.26
Gottlieben,TG,347,0.31
Goumoëns,VD,1206,10.69
Graben,BE,337,3.16
Grabs,SG,7488,54.65
Grächen,VS,1316,14.27
Grancia,TI,468,0.61
Grancy,VD,538,5.67
Grandcour,VD,976,10.2
Grandevent,VD,241,3.44
Grandfontaine,JU,378,8.97
Grandson,VD,3390,7.86
Grandval,BE,381,8.25
Grandvillard,FR,903,24.32
Granges (Veveyse),FR,977,4.47
Granges-Paccot,FR,3983,3.99
Grangettes,FR,212,3.31
Gränichen,AG,8692,17.23
Gravesano,TI,1398,0.71
Greifensee,ZH,5421,2.31
Grellingen,BL,1958,3.29
Grenchen,SO,18602,26.03
Greng,FR,176,0.96
Grengiols,VS,417,58.52
Grens,VD,391,2.56
Greppen,LU,1219,3.32
Gretzenbach,SO,2789,5.83
Grimisuat,VS,3962,4.45
Grindel,SO,519,3.08
Grindelwald,BE,3930,171.38
Grolley-Ponthaux,FR,2901,11.25
Grône,VS,2556,20.73
Grono,GR,1580,37.12
Grossaffoltern,BE,3070,15.08
Grossdietwil,LU,920,10.2
Grosshöchstetten,BE,4071,6.93
Grosswangen,LU,3524,19.7
Grub (AR),AR,986,4.21
Grüningen,ZH,3886,8.79
Grüsch,GR,2176,43.3
Gruyères,FR,2339,28.44
Gryon,VD,1519,15.22
Gsteig,BE,1028,62.4
Gsteigwiler,BE,436,7.02
Guggisberg,BE,1493,54.92
Gündlischwand,BE,344,16.69
Günsberg,SO,1205,5.26
Gunzgen,SO,1696,3.93
Gurbrü,BE,249,1.86
Gurmels,FR,5100,17.32
Gurtnellen,UR,487,83.31
Gurzelen,BE,876,4.52
Guttannen,BE,241,200.85
Guttet-Feschel,VS,440,10.43
Güttingen,TG,1799,9.54
Gy,GE,553,3.29
Habkern,BE,629,50.96
Habsburg,AG,431,2.23
Häfelfingen,BL,246,3.97
Hagenbuch,ZH,1168,8.13
Hägendorf,SO,5299,13.94
Häggenschwil,SG,1426,9.07
Hägglingen,AG,2588,7.75
Hagneck,BE,436,1.84
Hallau,SH,2423,15.32
Hallwil,AG,1024,2.18
Härkingen,SO,1781,5.51
Hasle (LU),LU,1842,40.31
Hasle bei Burgdorf,BE,3402,21.89
Hasliberg,BE,1129,41.74
Hauenstein-Ifenthal,SO,341,5.35
Hauptwil-Gottshaus,TG,2104,12.49
Hausen (AG),AG,3774,3.2
Hausen am Albis,ZH,3951,13.6
Haut-Intyamon,FR,1774,60.27
Haute-Ajoie,JU,1064,40.93
Haute-Sorne,JU,7453,71.04
Hautemorges,VD,4383,32.96
Hauterive (FR),FR,2694,11.97
Hauteville,FR,744,10.54
Häutligen,BE,268,3.07
Hedingen,ZH,4002,6.53
Hefenhofen,TG,1340,6.08
Heiden,AR,4383,7.48
Heiligenschwendi,BE,721,5.55
Heimberg,BE,7079,5.44
Heimenhausen,BE,1219,5.84
Heimiswil,BE,1629,23.36
Heitenried,FR,1404,9.13
Hellikon,AG,850,7.04
Hellsau,BE,213,1.48
Hemishofen,SH,493,7.89
Hemmiken,BL,263,3.39
Hendschiken,AG,1387,3.52
Henggart,ZH,2343,3.03
Henniez,VD,469,2.61
Herbetswil,SO,608,16.3
Herbligen,BE,640,2.76
Herdern,TG,1176,13.73
Hérémence,VS,1545,107.5
Hergiswil (NW),NW,6296,14.3
Hergiswil bei Willisau,LU,1944,31.34
Herisau,AR,15943,25.2
Hermance,GE,1246,1.44
Hermenches,VD,373,4.77
Hermrigen,BE,315,3.42
Herrliberg,ZH,6780,8.99
Hersberg,BL,393,1.66
Herznach-Ueken,AG,2667,11.37
Herzogenbuchsee,BE,7502,9.82
Hettlingen,ZH,3227,5.9
Hildisrieden,LU,2502,7.04
Hilterfingen,BE,4095,2.81
Himmelried,SO,964,6.03
Hindelbank,BE,2794,9.69
Hinwil,ZH,11961,22.28
Hirschthal,AG,1763,3.53
Hittnau,ZH,3970,12.95
Hitzkirch,LU,6086,27.6
Hochdorf,LU,10067,9.63
Hochfelden,ZH,2015,6.17
Höchstetten,BE,253,2.64
Hochwald,SO,1282,8.35
Hofstetten bei Brienz,BE,529,8.77
Hofstetten-Flüh,SO,3402,7.52
Hohenrain,LU,2462,23.23
Hohentannen,TG,655,8.01
Holderbank (AG),AG,1570,2.33
Holderbank (SO),SO,779,7.76
Hölstein,BL,2643,6.03
Holziken,AG,1763,2.86
Homberg,BE,500,6.51
Hombrechtikon,ZH,9176,12.19
Homburg,TG,1573,24.13
Horgen,ZH,24549,30.82
Höri,ZH,3564,4.79
Horn,TG,3165,1.72
Horrenbach-Buchen,BE,224,20.4
Horriwil,SO,943,2.64
Horw,LU,15817,12.86
Hospental,UR,180,35.17
Hubersdorf,SO,719,1.35
Hundwil,AR,965,24.08
Hünenberg,ZG,8972,18.41
Hüniken,SO,161,1.02
Hüntwangen,ZH,1094,4.91
Hunzenschwil,AG,4382,3.26
Hüttikon,ZH,957,1.59
Hüttlingen,TG,906,11.6
Huttwil,BE,5135,17.24
Hüttwilen,TG,1783,17.66
Icogne,VS,640,24.83
Iffwil,BE,445,5.06
Ilanz/Glion,GR,5067,133.48
Illgau,SZ,822,10.96
Illnau-Effretikon,ZH,17756,32.91
Inden,VS,130,9.73
Ingenbohl,SZ,9548,13.4
Inkwil,BE,676,3.38
Innerthal,SZ,191,50.14
Innertkirchen,BE,1079,236.59
Ins,BE,3777,23.87
Interlaken,BE,6123,4.27
Inwil,LU,2924,10.32
Ipsach,BE,3869,1.9
Iseltwald,BE,401,21.91
Isenthal,UR,459,60.97
Isérables,VS,804,15.26
Islisberg,AG,692,1.66
Isone,TI,404,12.83
Itingen,BL,2473,3.13
Ittigen,BE,11546,4.2
Jaberg,BE,305,1.31
Jaun,FR,657,55.68
Jegenstorf,BE,5872,13.49
Jenaz,GR,1164,25.91
Jenins,GR,964,10.54
Jens,BE,660,4.58
Jonen,AG,2347,5.7
Jongny,VD,1928,2.16
Jonschwil,SG,3992,10.99
Jorat-Menthue,VD,1574,17.65
Jorat-Mézières,VD,3189,11.09
Jouxtens-Mézery,VD,1478,1.93
Juriens,VD,348,9.35
Jussy,GE,1223,11.35
Kaiseraugst,AG,5824,4.9
Kaisten,AG,2946,18.09
Kallern,AG,422,2.68
Kallnach,BE,2235,17.98
Kaltbrunn,SG,5099,18.64
Kammersrohr,SO,32,0.95
Kandergrund,BE,810,32.09
Kandersteg,BE,1299,134.3
Känerkinden,BL,532,1.48
Kappel (SO),SO,3562,5.1
Kappel am Albis,ZH,1382,7.92
Kappelen,BE,1409,10.97
Kaufdorf,BE,1101,2.06
Kehrsatz,BE,4670,4.44
Kemmental,TG,2837,25.04
Kernenried,BE,534,3.33
Kerns,OW,6514,92.58
Kerzers,FR,5466,12.28
Kesswil,TG,1005,4.47
Kestenholz,SO,1884,8.59
Kienberg,SO,526,8.53
Kiesen,BE,990,4.69
Kilchberg (BL),BL,182,1.59
Kilchberg (ZH),ZH,9483,2.58
Killwangen,AG,2304,2.43
Kippel,VS,329,11.68
Kirchberg (BE),BE,5922,9.05
Kirchberg (SG),SG,9791,42.54
Kirchdorf (BE),BE,1853,14.62
Kirchleerau,AG,938,4.36
Kirchlindach,BE,3341,11.96
Kleinandelfingen,ZH,2238,10.29
Kleinbösingen,FR,705,3.02
Kleinlützel,SO,1197,16.32
Klingnau,AG,3700,6.71
Klosters,GR,4478,219.8
Kloten,ZH,21737,19.17
Knonau,ZH,2466,6.47
Knutwil,LU,2516,9.74
Koblenz,AG,1821,4.08
Kölliken,AG,5106,8.89
Köniz,BE,43508,51.01
Konolfingen,BE,5485,12.77
Koppigen,BE,2281,6.93
Kradolf-Schönenberg,TG,3932,10.95
Krattigen,BE,1130,6
Krauchthal,BE,2381,19.44
Kreuzlingen,TG,23407,11.51
Kriechenwil,BE,437,4.77
Kriegstetten,SO,3181,1.14
Kriens,LU,30008,27.3
Küblis,GR,910,8.14
Künten,AG,1956,4.89
Küsnacht (ZH),ZH,15168,12.36
Küssnacht (SZ),SZ,14148,29.38
Küttigen,AG,6997,11.9
L’Abbaye,VD,1541,31.87
L’Abergement,VD,270,5.79
L’Isle,VD,1094,16.22
La Baroche,JU,1135,31.07
La Brévine,NE,624,41.81
La Brillaz,FR,2208,10.3
La Chaux (Cossonay),VD,432,6.74
La Chaux-de-Fonds,NE,37600,55.71
La Chaux-du-Milieu,NE,496,17.31
La Côte-aux-Fées,NE,473,12.83
La Ferrière,BE,548,14.16
La Grande-Béroche,NE,9229,42.21
La Neuveville,BE,3804,6.78
La Praz,VD,207,5.12
La Punt Chamues-ch,GR,750,63.28
La Rippe,VD,1196,16.59
La Roche,FR,1959,24.06
La Sagne,NE,1075,25.55
La Sarraz,VD,2615,7.7
La Sonnaz,FR,1458,6.96
La Tour-de-Peilz,VD,12812,3.26
La Verrerie,FR,1350,13.43
Laax,GR,2102,31.71
Lachen,SZ,9529,2.44
Laconnex,GE,704,3.83
Lajoux (JU),JU,720,12.39
Lalden,VS,760,1.3
Lamone,TI,1757,1.86
Lampenberg,BL,581,4.01
Lancy,GE,37259,4.77
Landiswil,BE,623,10.26
Landquart,GR,9244,18.86
Langenbruck,BL,975,15.66
Langendorf,SO,3883,1.95
Langenthal,BE,16141,21.13
Langnau am Albis,ZH,8224,8.67
Langnau im Emmental,BE,9574,48.36
Langrickenbach,TG,1503,10.83
Lantsch/Lenz,GR,518,21.81
Laténa,NE,11718,26.06
Lauenen,BE,865,58.49
Lauerz,SZ,1149,9.18
Läufelfingen,BL,1415,8.16
Laufen,BL,6054,11.4
Laufen-Uhwiesen,ZH,1828,6.28
Laufenburg,AG,3858,14.47
Laupen,BE,3285,4.14
Laupersdorf,SO,1880,15.5
Lauperswil,BE,2712,21.19
Lausanne,VD,144873,41.37
Lausen,BL,5886,5.57
Lauterbrunnen,BE,2331,164.66
Lauwil,BL,324,7.3
Lavertezzo,TI,1253,0.89
Lavey-Morcles,VD,1015,14.2
Lavigny,VD,1099,4
Lavizzara,TI,498,187.53
Lax,VS,339,5.42
Le Bémont (JU),JU,308,11.68
Le Cerneux-Péquignot,NE,310,15.7
Le Châtelard,FR,364,7.49
Le Chenit,VD,4753,99.19
Le Flon,FR,1211,9.57
Le Grand-Saconnex,GE,13062,4.38
Le Landeron,NE,4652,10.3
Le Lieu,VD,918,32.54
Le Locle,NE,10907,34.66
Le Mont-sur-Lausanne,VD,9531,9.8
Le Mouret,FR,3354,18.56
Le Noirmont,JU,1934,20.39
Le Pâquier (FR),FR,1386,4.5
Le Vaud,VD,1367,3.11
Leibstadt,AG,1605,6.4
Leimbach (AG),AG,543,1.15
Leissigen,BE,1205,10.38
Lema,TI,2662,18.56
Lengnau (AG),AG,2955,12.67
Lengnau (BE),BE,5798,7.41
Lengwil,TG,1796,8.89
Lenk,BE,2322,122.96
Lens,VS,4570,13.98
Lenzburg,AG,11314,11.31
Les Bois,JU,1244,24.71
Les Breuleux,JU,1627,14.87
Les Clées,VD,193,7.04
Les Enfers,JU,151,7.12
Les Genevez (JU),JU,516,13.63
Les Montets,FR,1572,10.29
Les Planchettes,NE,200,11.73
Les Ponts-de-Martel,NE,1231,18.17
Les Verrières,NE,658,28.87
Leuggern,AG,2444,13.76
Leuk,VS,4340,55.15
Leukerbad,VS,1426,67.32
Leutwil,AG,755,3.75
Leuzigen,BE,1361,10.28
Leysin,VD,3659,18.57
Leytron,VS,3529,26.82
Lichtensteig,SG,2141,2.82
Liddes,VS,770,58.65
Liedertswil,BL,156,1.94
Liesberg,BL,1105,12.46
Liestal,BL,16034,18.18
Ligerz,BE,525,1.79
Lignerolle,VD,461,10.64
Lignières,NE,1061,12.52
Lindau,ZH,5871,11.99
Linden,BE,1275,13.23
Linescio,TI,41,6.66
Locarno,TI,16374,18.91
Lohn (SH),SH,760,4.87
Lohn-Ammannsegg,SO,2947,4.48
Löhningen,SH,1642,6.83
Lommis,TG,1331,8.61
Lommiswil,SO,1618,5.76
Lonay,VD,2734,3.72
Longirod,VD,556,9.45
Losone,TI,6727,9.26
Lostallo,GR,866,50.87
Lostorf,SO,4129,13.25
Lotzwil,BE,2779,6.22
Lovatens,VD,146,3.47
Loveresse,BE,358,4.69
Lucens,VD,4736,19.28
Lufingen,ZH,2840,5.18
Lugano,TI,63629,75.86
Luins,VD,633,2.67
Lully (FR),FR,1226,5.52
Lully (VD),VD,836,2.05
Lumino,TI,1684,10.1
Lumnezia,GR,2075,165.47
Lungern,OW,2072,46.47
Lupfig,AG,3401,8.45
Lupsingen,BL,1565,3.11
Lüscherz,BE,572,5.42
Lussery-Villars,VD,470,3.74
Lüsslingen-Nennigkofen,SO,1144,7.81
Lussy-sur-Morges,VD,719,2.34
Luterbach,SO,3724,4.52
Lüterkofen-Ichertswil,SO,902,4.43
Luthern,LU,1240,37.76
Lütisburg,SG,1646,14.1
Lutry,VD,10751,8.46
Lütschental,BE,239,12.28
Lützelflüh,BE,4372,26.87
Lutzenberg,AR,1321,2.25
Luzein,GR,1689,83.88
Luzern,LU,86234,29.11
Lyss,BE,16558,14.83
Lyssach,BE,1484,6.05
Madiswil,BE,3330,23.17
Madulain,GR,196,16.29
Magden,AG,3888,11.02
Mägenwil,AG,2232,3.48
Maggia,TI,2674,111.16
Magliaso,TI,1622,1.1
Maienfeld,GR,3266,32.33
Maisprach,BL,956,5.08
Malans,GR,2529,11.4
Malters,LU,7868,28.57
Mammern,TG,704,5.45
Mandach,AG,328,5.54
Männedorf,ZH,11767,4.77
Manno,TI,1373,2.37
Maracon,VD,569,4.38
Marbach (SG),SG,2169,4.38
Marchissy,VD,508,11.98
Marly,FR,9242,7.72
Marsens,FR,2130,7.84
Märstetten,TG,3008,9.96
Marthalen,ZH,1990,14.13
Martigny,VS,22247,32.59
Martigny-Combe,VS,2363,37.41
Maschwanden,ZH,677,4.69
Masein,GR,531,4.2
Massagno,TI,6799,0.74
Massongex,VS,2126,6.64
Massonnens,FR,596,4.29
Mathod,VD,725,6.59
Matran,FR,1906,2.91
Matten bei Interlaken,BE,4201,5.91
Mattstetten,BE,599,3.79
Matzendorf,SO,1409,11.27
Matzingen,TG,3167,7.68
Mauborget,VD,145,5.52
Mauensee,LU,1510,7.22
Maur,ZH,10884,14.77
Mauraz,VD,67,0.5
Medel (Lucmagn),GR,328,136.22
Meggen,LU,7795,7.27
Meienried,BE,57,0.65
Meierskappel,LU,1595,6.79
Meikirch,BE,2600,10.23
Meilen,ZH,14848,11.94
Meinier,GE,2069,6.95
Meinisberg,BE,1453,4.39
Meiringen,BE,4814,40.63
Meisterschwanden,AG,3310,4.25
Melchnau,BE,1518,10.28
Melide,TI,1785,1.66
Mellikon,AG,224,2.7
Mellingen,AG,6319,4.87
Mels,SG,9581,139.1
Meltingen,SO,631,5.76
Mendrisio,TI,15085,31.77
Menziken,AG,8672,7.32
Menzingen,ZG,4700,27.51
Menznau,LU,3149,30.34
Merenschwand,AG,3893,13.51
Mergoscia,TI,201,12.16
Merishausen,SH,905,17.56
Mervelier,JU,526,9.74
Merzligen,BE,403,2.3
Mesocco,GR,1414,164.77
Messen,SO,1498,11.89
Mettauertal,AG,2176,21.59
Mettembert,JU,112,2.34
Mettmenstetten,ZH,5763,13.03
Metzerlen-Mariastein,SO,988,8.48
Mex (VD),VD,807,2.83
Meyriez,FR,569,0.34
Meyrin,GE,27059,9.94
Mézières (FR),FR,1163,8.93
Mezzovico-Vira,TI,1389,11.13
Mies,VD,2180,3.46
Milvignes,NE,9308,8.79
Minusio,TI,7321,5.86
Mirchel,BE,561,2.34
Misery-Courtion,FR,2404,11.35
Missy,VD,383,3.11
Möhlin,AG,11389,18.8
Moiry,VD,300,6.66
Mollens (VD),VD,324,10.99
Molondin,VD,269,5.49
Mönchaltorf,ZH,4310,7.59
Mont-la-Ville,VD,496,19.79
Mont-Noble,VS,1187,43.44
Mont-sur-Rolle,VD,2752,3.86
Mont-Tramelan,BE,111,4.64
Mont-Vully,FR,4561,17.52
Montagny (FR),FR,3037,17.53
Montagny-près-Yverdon,VD,780,3.52
Montanaire,VD,2860,33.5
Montcherand,VD,489,3.07
Monteceneri,TI,4729,36.08
Montfaucon,JU,564,18.25
Mönthal,AG,393,3.94
Monthey,VS,19074,28.7
Montilliez,VD,1872,11.86
Montpreveyres,VD,656,4.12
Montreux,VD,26955,33.41
Montricher,VD,943,26.02
Moosleerau,AG,955,3.81
Moosseedorf,BE,4155,6.38
Morbio Inferiore,TI,4412,2.26
Morcote,TI,713,2.79
Mörel-Filet,VS,759,8.55
Morges,VD,17701,3.84
Mörigen,BE,881,2.16
Möriken-Wildegg,AG,4987,6.61
Morlon,FR,771,2.64
Morrens (VD),VD,1155,3.67
Morschach,SZ,1378,20.84
Mörschwil,SG,3671,9.84
Mosnang,SG,2981,50.51
Moudon,VD,6646,15.65
Moutier,JU,7256,19.61
Movelier,JU,414,8.08
Muhen,AG,4090,7.03
Mühlau,AG,1347,5.52
Mühleberg,BE,3097,26.26
Müllheim,TG,3339,8.74
Mülligen,AG,1088,3.16
Mümliswil-Ramiswil,SO,2481,35.48
Mumpf,AG,1563,3.14
Münchenbuchsee,BE,10696,11.67
Münchenstein,BL,12457,7.19
Münchenwiler,BE,588,2.48
Münchwilen (AG),AG,1077,2.46
Münchwilen (TG),TG,5976,7.81
Münsingen,BE,13049,15.77
Münsterlingen,TG,3723,5.45
Muntelier,FR,982,1.11
Muntogna da Schons,GR,368,53.59
Müntschemier,BE,1652,4.87
Muolen,SG,1265,10.33
Muotathal,SZ,3583,172.14
Muralto,TI,2572,0.59
Murgenthal,AG,3128,18.62
Muri (AG),AG,8712,12.34
Muri bei Bern,BE,13712,7.63
Muriaux,JU,518,16.88
Murten,FR,9552,36.41
Mutrux,VD,145,3.23
Muttenz,BL,18120,16.65
Muzzano,TI,805,1.55
Naters,VS,10674,147.22
Nebikon,LU,2941,3.73
Neckertal,SG,6420,81.84
Neerach,ZH,3328,6.04
Neftenbach,ZH,5765,15.07
Neggio,TI,328,0.89
Nendaz,VS,7314,85.93
Nenzlingen,BL,468,3.66
Nesslau,SG,3890,92.7
Neuchâtel,NE,45309,30.09
Neuendorf,SO,2396,7.14
Neuenegg,BE,5730,21.83
Neuenhof,AG,9212,5.38
Neuenkirch,LU,7229,25.48
Neuhausen am Rheinfall,SH,11834,8
Neuheim,ZG,2527,7.93
Neunforn,TG,1112,11.36
Neunkirch,SH,2660,17.92
Neyruz,FR,2869,5.53
Nidau,BE,7053,1.52
Niederbipp,BE,5557,19.77
Niederbuchsiten,SO,1341,5.49
Niederbüren,SG,1529,15.84
Niederdorf,BL,1783,4.41
Niedergesteln,VS,749,17.62
Niederglatt,ZH,5507,3.6
Niedergösgen,SO,4255,4.32
Niederhasli,ZH,9648,11.3
Niederhelfenschwil,SG,3290,16.37
Niederhünigen,BE,710,5.42
Niederlenz,AG,4958,3.31
Niedermuhlern,BE,521,7.26
Niederönz,BE,1803,2.79
Niederried bei Interlaken,BE,366,4.15
Niederrohrdorf,AG,4695,3.33
Niederweningen,ZH,3349,6.85
Niederwil (AG),AG,3023,6.15
Noble-Contrée,VS,4693,6.5
Nods,BE,768,26.61
Nottwil,LU,4120,10.33
Novalles,VD,106,2.06
Novazzano,TI,2340,5.23
Noville,VD,1215,10.37
Nuglar-St. Pantaleon,SO,1553,6.34
Nunningen,SO,1983,10.31
Nürensdorf,ZH,5862,10.14
Nusshof,BL,277,1.72
Nuvilly,FR,498,3.98
Nyon,VD,23351,6.8
Oberägeri,ZG,6578,30.04
Oberbalm,BE,865,12.39
Oberbipp,BE,1955,8.45
Oberbuchsiten,SO,2406,9.39
Oberbüren,SG,4726,17.73
Oberburg,BE,2990,14.14
Oberdiessbach,BE,3723,16.47
Oberdorf (BL),BL,2577,6.21
Oberdorf (NW),NW,3099,16.2
Oberdorf (SO),SO,1818,11.91
Oberegg,AI,1936,14.61
Oberembrach,ZH,1130,10.26
Oberems,VS,140,50.26
Oberengstringen,ZH,6914,2.15
Oberentfelden,AG,8946,7.16
Obergerlafingen,SO,1266,1.51
Oberglatt,ZH,7772,8.25
Obergoms,VS,663,155.98
Obergösgen,SO,2490,3.63
Oberhallau,SH,456,6.05
Oberhof,AG,584,8.2
Oberhofen am Thunersee,BE,2523,2.71
Oberhünigen,BE,333,6.02
Oberiberg,SZ,916,33.17
Oberkirch,LU,5106,9.1
Oberkulm,AG,3023,9.41
Oberlangenegg,BE,473,9.16
Oberlunkhofen,AG,2207,3.25
Obermumpf,AG,1081,5.02
Oberried am Brienzersee,BE,481,20.12
Oberrieden,ZH,5392,2.79
Oberriet (SG),SG,9373,34.6
Oberrohrdorf,AG,4287,4.3
Oberrüti,AG,1630,5.38
Obersaxen Mundaun,GR,1160,70.36
Obersiggenthal,AG,8966,8.36
Oberthal,BE,706,10.54
Oberuzwil,SG,6743,14.08
Oberweningen,ZH,1905,4.94
Oberwil (BL),BL,11430,7.89
Oberwil bei Büren,BE,904,6.74
Oberwil im Simmental,BE,845,46.06
Oberwil-Lieli,AG,2627,5.35
Obfelden,ZH,5961,7.54
Ochlenberg,BE,536,12.12
Oensingen,SO,6817,12.1
Oeschenbach,BE,234,3.92
Oeschgen,AG,1185,4.38
Oetwil am See,ZH,5150,6.11
Oetwil an der Limmat,ZH,2573,2.77
Oftringen,AG,15120,12.85
Ogens,VD,341,3.4
Ollon,VD,8221,59.56
Olsberg,AG,360,4.61
Olten,SO,19051,11.49
Oltingen,BL,526,7.18
Onex,GE,18915,2.81
Onnens (VD),VD,513,5.16
Onsernone,TI,663,105.39
Opfikon,ZH,21554,5.59
Oppens,VD,202,3.6
Oppligen,BE,660,3.4
Orbe,VD,7978,12.05
Orges,VD,424,4.02
Origlio,TI,1526,2.08
Ormalingen,BL,2375,6.93
Ormont-Dessous,VD,1242,64.11
Ormont-Dessus,VD,1433,61.61
Orny,VD,497,5.55
Oron,VD,6341,26.28
Orpund,BE,3373,3.97
Orselina,TI,687,1.94
Orsières,VS,3303,164.93
Orvin,BE,1260,21.59
Orzens,VD,214,4.2
Ossingen,ZH,1835,13.09
Ostermundigen,BE,18326,5.96
Otelfingen,ZH,2924,7.15
Othmarsingen,AG,3168,4.72
Ottenbach,ZH,2973,5.02
Oulens-sous-Echallens,VD,603,5.87
Pailly,VD,575,5.77
Paradiso,TI,4853,0.89
Paudex,VD,1509,0.48
Payerne,VD,10758,24.18
Penthalaz,VD,3169,3.87
Penthaz,VD,1945,3.84
Penthéréaz,VD,430,5.68
Perly-Certoux,GE,3304,2.54
Perrefitte,BE,480,8.57
Perroy,VD,1584,2.92
Personico,TI,317,38.87
Péry-La Heutte,BE,1976,23.78
Petit-Val,BE,484,23.9
Pfäfers,SG,1624,128.46
Pfäffikon,ZH,12750,19.52
Pfaffnau,LU,2777,17.68
Pfeffingen,BL,2413,4.89
Pfungen,ZH,4150,4.99
Pfyn,TG,2259,13.14
Pierrafortscha,FR,150,5.06
Pieterlen,BE,5216,8.35
Plaffeien,FR,3693,66.51
Plan-les-Ouates,GE,12186,5.85
Plasselb,FR,1088,18.16
Plateau de Diesse,BE,2157,25.55
Pleigne,JU,365,17.84
Pohlern,BE,247,9.87
Poliez-Pittet,VD,850,5.01
Pollegio,TI,920,5.96
Pompaples,VD,932,4.44
Pomy,VD,876,5.62
Pont-en-Ogoz,FR,2038,10.16
Pont-la-Ville,FR,606,4.36
Ponte Capriasca,TI,1958,6.17
Pontresina,GR,2072,118.18
Porrentruy,JU,6574,14.76
Port,BE,3904,2.46
Port-Valais,VS,4551,14.35
Porza,TI,1717,1.56
Poschiavo,GR,3505,191.01
Prangins,VD,4271,6.08
Pratteln,BL,16576,10.71
Pregny-Chambésy,GE,4262,3.24
Premier,VD,228,6.12
Presinge,GE,708,4.71
Préverenges,VD,5260,1.87
Prévondavaux,FR,113,1.82
Prévonloup,VD,230,1.84
Prez,FR,2465,16.05
Prilly,VD,12758,2.2
Provence,VD,409,31.86
Puidoux,VD,2974,22.86
Pully,VD,19538,5.86
Puplinge,GE,2628,2.67
Pura,TI,1355,3.04
Quarten,SG,3105,61.77
Quinto,TI,1302,92.03
Radelfingen,BE,1285,14.71
Rafz,ZH,4769,10.68
Rain,LU,3314,9.42
Ramlinsburg,BL,732,2.25
Ramsen,SH,1655,13.5
Rances,VD,509,9.83
Randa,VS,468,54.53
Raperswilen,TG,421,7.68
Rapperswil (BE),BE,2705,22.58
Rapperswil-Jona,SG,28779,22.26
Raron,VS,2024,30.38
Realp,UR,149,77.84
Rebévelier,BE,32,3.55
Rebstein,SG,5077,4.39
Recherswil,SO,2202,3.36
Rechthalten,FR,1165,7.3
Reconvilier,BE,2506,8.25
Regensberg,ZH,478,2.37
Regensdorf,ZH,20282,14.62
Rehetobel,AR,1714,6.72
Reichenbach im Kandertal,BE,3792,125.76
Reichenburg,SZ,4153,11.55
Reiden,LU,7674,27.03
Reigoldswil,BL,1593,9.25
Reinach (AG),AG,9634,9.47
Reinach (BL),BL,20690,6.97
Reisiswil,BE,178,2.01
Reitnau,AG,1621,8.02
Remaufens,FR,1427,5.91
Remetschwil,AG,2096,3.88
Remigen,AG,1380,7.87
Renan (BE),BE,957,12.63
Renens (VD),VD,21541,2.95
Rennaz,VD,949,2.19
Reute (AR),AR,703,4.99
Reutigen,BE,1393,13.75
Rhäzüns,GR,1612,13.37
Rheinau,ZH,1321,8.95
Rheineck,SG,3514,2.21
Rheinfelden,AG,13820,16.02
Rheinwald,GR,570,136.81
Riaz,FR,2932,7.75
Richterswil,ZH,14378,7.53
Rickenbach (BL),BL,570,2.9
Rickenbach (LU),LU,3884,11.85
Rickenbach (SO),SO,1211,2.76
Rickenbach (TG),TG,3061,1.58
Rickenbach (ZH),ZH,2850,6.02
Riddes,VS,3749,23.9
Ried bei Kerzers,FR,1237,7.55
Ried-Brig,VS,2310,47.57
Riederalp,VS,440,19.09
Riedholz,SO,2310,7.15
Riehen,BS,22534,10.87
Riemenstalden,SZ,85,11.2
Rifferswil,ZH,1180,6.51
Riggisberg,BE,3184,34.5
Ringgenberg (BE),BE,2655,8.88
Riniken,AG,1568,4.76
Risch,ZG,11674,14.86
Riva San Vitale,TI,2695,6.05
Rivaz,VD,329,0.31
Riviera,TI,4269,86.53
Roche (VD),VD,1994,6.45
Rochefort,NE,1354,25.85
Roches (BE),BE,191,9.06
Rodersdorf,SO,1408,5.35
Roggenburg,BL,246,6.67
Roggliswil,LU,791,6.21
Roggwil (BE),BE,4432,7.84
Roggwil (TG),TG,3452,12.03
Rohrbach,BE,1599,4.08
Rohrbachgraben,BE,375,6.46
Rolle,VD,6540,2.75
Romainmôtier-Envy,VD,560,6.98
Romanel-sur-Lausanne,VD,4321,2.88
Romanel-sur-Morges,VD,454,1.76
Romanshorn,TG,11945,8.73
Römerswil,LU,1788,16.6
Romont (BE),BE,232,7.02
Romont (FR),FR,6124,10.89
Romoos,LU,661,37.39
Ronco sopra Ascona,TI,522,5.01
Rongellen,GR,59,2.02
Root,LU,6064,9.9
Ropraz,VD,530,4.81
Rorbas,ZH,3008,4.44
Rorschach,SG,10274,1.78
Rorschacherberg,SG,7716,7.09
Röschenz,BL,1941,10.07
Rossa,GR,168,58.89
Rossemaison,JU,740,1.89
Rossenges,VD,91,1.08
Rossinière,VD,499,23.36
Röthenbach im Emmental,BE,1200,36.79
Rothenbrunnen,GR,304,3.11
Rothenburg,LU,7863,15.49
Rothenfluh,BL,809,10.95
Rothenthurm,SZ,2595,22.75
Rothrist,AG,9896,11.85
Rottenschwil,AG,960,4.49
Rougemont,VD,813,48.54
Roveredo (GR),GR,2656,38.8
Rovray,VD,194,3.2
Rubigen,BE,2894,6.92
Rüderswil,BE,2390,17.21
Rüdlingen,SH,815,5.51
Rudolfstetten-Friedlisberg,AG,4644,4.9
Rüdtligen-Alchenflüh,BE,2490,2.72
Rue,FR,2638,20.03
Rüeggisberg,BE,1745,35.8
Rüegsau,BE,3295,15.06
Rueyres,VD,304,2
Rüfenach,AG,888,4.17
Rumendingen,BE,91,2.44
Rumisberg,BE,493,5.14
Rümlang,ZH,8243,12.41
Rümlingen,BL,438,2.28
Rünenberg,BL,794,4.97
Rupperswil,AG,6229,6.22
Rüschegg,BE,1738,57.29
Rüschlikon,ZH,6406,2.93
Russikon,ZH,4634,14.21
Russin,GE,543,4.91
Ruswil,LU,7541,45.25
Rüthi (SG),SG,2633,9.33
Rüti (ZH),ZH,12971,10.06
Rüti bei Büren,BE,870,6.5
Rüti bei Lyssach,BE,163,1.29
Rütschelen,BE,582,3.98
Rüttenen,SO,1532,8.77
S-chanf,GR,713,138.03
Saanen,BE,6924,120.06
Saas-Almagell,VS,385,110.38
Saas-Balen,VS,341,30.2
Saas-Fee,VS,1638,40.34
Saas-Grund,VS,1057,24.8
Sachseln,OW,5299,53.88
Safenwil,AG,4630,5.99
Safiental,GR,964,151.42
Safnern,BE,2057,5.62
Sagogn,GR,769,6.92
Saicourt,BE,644,13.77
Saignelégier,JU,2531,31.67
Saillon,VS,3156,13.74
Saint-Aubin (FR),FR,2030,7.89
Saint-Barthélemy (VD),VD,834,4.12
Saint-Brais,JU,237,15.16
Saint-Cergue,VD,3009,24.28
Saint-George,VD,1081,12.31
Saint-Gingolph,VS,1088,14.45
Saint-Imier,BE,5177,20.87
Saint-Léonard,VS,2628,3.88
Saint-Livres,VD,715,8.12
Saint-Martin (FR),FR,1043,9.78
Saint-Martin (VS),VS,853,37
Saint-Maurice,VS,4623,14.92
Saint-Oyens,VD,457,3.06
Saint-Prex,VD,5865,5.53
Saint-Saphorin (Lavaux),VD,387,0.88
Saint-Sulpice (VD),VD,5155,1.86
Sainte-Croix,VD,5139,39.47
Salenstein,TG,1454,6.54
Sâles,FR,1467,18.82
Salgesch,VS,1732,11.25
Salmsach,TG,1631,2.71
Salvan,VS,1495,53.46
Samedan,GR,2901,113.79
Samnaun,GR,750,56.28
San Vittore,GR,961,22.06
Sant’Antonino,TI,2671,6.55
Santa Maria in Calanca,GR,113,9.31
Sargans,SG,6615,9.46
Sarmenstorf,AG,3182,8.3
Sarnen,OW,10862,73.12
Satigny,GE,4713,18.92
Sattel,SZ,2066,17.39
Saubraz,VD,447,3.71
Sauge,BE,829,13.46
Saulcy,JU,277,7.86
Saules (BE),BE,148,4.28
Savièse,VS,8278,70.98
Savigny,VD,3517,16.01
Savosa,TI,2276,0.74
Saxeten,BE,98,19.38
Saxon,VS,7424,23.22
Schaffhausen,SH,38964,41.85
Schafisheim,AG,3155,6.33
Schangnau,BE,924,36.48
Schänis,SG,4172,39.9
Scharans,GR,836,14.29
Schattdorf,UR,5501,16.33
Schattenhalb,BE,586,31.54
Schelten,BE,33,5.56
Schenkon,LU,3117,6.74
Scheuren,BE,535,2.11
Schiers,GR,2993,61.66
Schinznach,AG,2462,12.24
Schlatt (TG),TG,1887,15.54
Schlatt (ZH),ZH,785,8.97
Schlatt-Haslen,AI,1119,17.93
Schleinikon,ZH,868,5.68
Schleitheim,SH,1845,21.63
Schlierbach,LU,1008,7.17
Schlieren,ZH,20391,6.59
Schlossrued,AG,893,7.25
Schluein,GR,616,4.79
Schmerikon,SG,4150,4.15
Schmiedrued,AG,1160,8.65
Schmitten (FR),FR,4285,13.49
Schmitten (GR),GR,205,11.35
Schneisingen,AG,1564,8.26
Schnottwil,SO,1176,7.17
Schöfflisdorf,ZH,1412,4.01
Schöftland,AG,4608,6.28
Schönenbuch,BL,1494,1.35
Schönengrund,AR,557,5.19
Schönenwerd,SO,5337,3.71
Schongau,LU,1069,12.43
Schönholzerswilen,TG,867,10.93
Schötz,LU,4964,15.27
Schübelbach,SZ,9757,29.01
Schupfart,AG,883,7.05
Schüpfen,BE,3784,19.84
Schüpfheim,LU,4281,38.38
Schwaderloch,AG,728,2.77
Schwadernau,BE,690,4.15
Schwanden bei Brienz,BE,668,7.06
Schwarzenberg,LU,1817,39.3
Schwarzenburg,BE,6795,44.8
Schwarzhäusern,BE,519,3.79
Schwellbrunn,AR,1556,17.42
Schwende-Rüte,AI,6108,98.33
Schwerzenbach,ZH,5250,2.65
Schwyz,SZ,16446,53.18
Scuol,GR,4546,438.61
Seeberg,BE,1599,16.8
Seedorf (BE),BE,3235,20.87
Seedorf (UR),UR,2058,19.29
Seegräben,ZH,1460,3.77
Seehof,BE,67,8.42
Seelisberg,UR,736,13.29
Seengen,AG,4494,9.69
Seewen,SO,1088,16.31
Seewis im Prättigau,GR,1450,49.63
Seftigen,BE,2188,3.89
Seltisberg,BL,1316,3.56
Selzach,SO,3690,19.47
Sembrancher,VS,1114,17.68
Sempach,LU,4380,8.91
Semsales,FR,1568,29.36
Senarclens,VD,480,3.97
Sennwald,SG,6332,41.56
Seon,AG,5652,9.62
Sergey,VD,133,1.46
Serravalle,TI,2070,96.8
Servion,VD,2228,6.32
Seuzach,ZH,7990,7.56
Sévaz,FR,318,2.5
Sevelen,SG,5411,30.33
Siblingen,SH,888,9.42
Sierre,VS,17829,19.13
Siglistorf,AG,799,5.51
Signau,BE,2698,22.13
Signy-Avenex,VD,608,1.94
Sigriswil,BE,4871,55.41
Silenen,UR,2037,144.78
Sils im Domleschg,GR,976,9.28
Sils im Engadin/Segl,GR,708,63.58
Silvaplana,GR,1124,44.77
Simplon,VS,281,91.01
Sins,AG,4491,20.31
Sion,VS,37154,34.86
Sirnach,TG,8200,12.38
Siselen,BE,633,5.51
Sisikon,UR,395,16.46
Sissach,BL,6894,8.9
Sisseln,AG,1653,2.52
Siviriez,FR,2675,20.29
Soazza,GR,324,46.42
Solothurn,SO,16847,6.28
Sommeri,TG,673,4.22
Sonceboz-Sombeval,BE,1909,14.97
Sonvilier,BE,1221,23.78
Soral,GE,942,2.94
Sorengo,TI,2183,0.85
Sorens,FR,1103,8.71
Sorvilier,BE,300,6.9
Soubey,JU,125,13.49
Soyhières,JU,453,7.5
Speicher,AR,4502,8.18
Spiez,BE,13342,16.7
Spiringen,UR,881,64.68
Spreitenbach,AG,12587,8.6
St. Gallen,SG,78863,39.38
St. Margrethen,SG,6718,6.87
St. Moritz,GR,4997,28.69
St. Niklaus,VS,2298,89.23
St. Silvester,FR,1064,7.04
St. Stephan,BE,1326,60.89
St. Ursen,FR,1419,15.72
Stabio,TI,4522,6.15
Stadel,ZH,2455,12.89
Stäfa,ZH,15152,8.59
Staffelbach,AG,1365,8.93
Stalden (VS),VS,1113,10.5
Staldenried,VS,561,14.27
Stallikon,ZH,3909,12.02
Stammheim,ZH,2947,23.96
Stans,NW,8508,11.08
Stansstad,NW,4922,9.07
Starrkirch-Wil,SO,1980,1.85
Staufen,AG,4402,3.58
Steckborn,TG,4054,8.77
Steffisburg,BE,16581,14.81
Steg-Hohtenn,VS,1726,14.03
Stein (AG),AG,3512,2.83
Stein (AR),AR,1497,9.36
Stein am Rhein,SH,3770,5.79
Steinach,SG,3581,4.5
Steinen,SZ,3774,11.85
Steinerberg,SZ,965,6.92
Steinhausen,ZG,10399,5.04
Steinmaur,ZH,3716,9.39
Stetten (AG),AG,2541,4.41
Stetten (SH),SH,1479,4.72
Stettfurt,TG,1276,6.37
Stettlen,BE,3384,3.5
Stocken-Höfen,BE,1018,14.22
Strengelbach,AG,5098,6.03
Studen (BE),BE,3537,2.73
Stüsslingen,SO,1259,8.39
Subingen,SO,3299,6.27
Suchy,VD,663,6.64
Sufers,GR,147,34.62
Suhr,AG,11617,10.62
Sulgen,TG,4152,9.12
Sullens,VD,1226,3.91
Sumiswald,BE,5209,59.34
Sumvitg,GR,1063,101.88
Surpierre,FR,1220,14.79
Sursee,LU,11029,5.83
Surses,GR,2465,323.77
Suscévaz,VD,234,4.16
Sutz-Lattrigen,BE,1398,3.57
Syens,VD,151,2.52
Tafers,FR,8026,41.35
Tägerig,AG,1547,3.29
Tägerwilen,TG,5453,11.56
Tamins,GR,1223,40.74
Tannay,VD,1746,1.8
Tartegnin,VD,235,1.09
Täsch,VS,1305,58.87
Täuffelen,BE,3084,4.4
Tavannes,BE,3505,14.78
Tecknau,BL,817,2.34
Tegerfelden,AG,1304,7.11
Tenero-Contra,TI,3393,3.7
Tenniken,BL,938,4.67
Tentlingen,FR,1382,3.61
Termen,VS,1175,18.65
Terre di Pedemonte,TI,2685,11.59
Teufen (AR),AR,6522,15.25
Teufenthal (AG),AG,1803,3.57
Teuffenthal (BE),BE,154,4.53
Tévenon,VD,862,14.28
Thal,SG,7137,9.66
Thalheim (AG),AG,956,9.92
Thalheim an der Thur,ZH,1004,6.44
Thalwil,ZH,18513,5.51
Thayngen,SH,5881,19.92
Therwil,BL,10125,7.66
Thierachern,BE,2539,7.53
Thônex,GE,16809,3.82
Thörigen,BE,1193,4.55
Thun,BE,44125,21.57
Thundorf,TG,1737,15.62
Thunstetten,BE,3587,9.66
Thurnen,BE,2060,5.95
Thürnen,BL,1459,2.26
Thusis,GR,3439,16.77
Titterten,BL,442,3.71
Tobel-Tägerschen,TG,1730,7.11
Toffen,BE,2661,4.88
Tolochenaz,VD,1934,1.59
Törbel,VS,496,16.86
Torny,FR,1095,10.18
Torricella-Taverne,TI,3087,5.25
Trachselwald,BE,916,15.96
Tramelan,BE,4727,24.82
Trasadingen,SH,619,4.14
Treiten,BE,428,4.74
Trélex,VD,1426,5.77
Tresa,TI,3126,11.04
Trey,VD,318,3.79
Treycovagnes,VD,515,2.08
Treytorrens (Payerne),VD,108,3.07
Treyvaux,FR,1642,11.4
Triengen,LU,4923,22.09
Trient,VS,175,39.56
Trimbach,SO,6854,7.6
Trimmis,GR,3424,42.87
Trin,GR,1557,47.17
Trogen,AR,1877,10.03
Troinex,GE,3145,3.43
Troistorrents,VS,5022,36.96
Trub,BE,1277,61.99
Trubschachen,BE,1510,15.65
Trüllikon,ZH,1104,9.56
Trun,GR,1141,51.9
Truttikon,ZH,458,4.41
Tschappina,GR,146,24.67
Tschugg,BE,497,3.29
Tübach,SG,1602,1.99
Tuggen,SZ,3469,13.51
Tujetsch,GR,1199,133.91
Turbenthal,ZH,5300,25.22
Turtmann-Unterems,VS,1212,42.42
Twann-Tüscherz,BE,1174,12.41
Udligenswil,LU,2475,6.22
Ueberstorf,FR,2433,16.11
Uebeschi,BE,707,4.42
Uerkheim,AG,1441,7.09
Uesslingen-Buch,TG,1139,14.03
Uetendorf,BE,6067,10.17
Uetikon am See,ZH,6663,3.46
Uezwil,AG,554,2.44
Ufhusen,LU,919,12.21
Uitikon,ZH,5699,4.38
Unterägeri,ZG,9495,25.61
Unterbäch,VS,479,22.05
Untereggen,SG,1035,7.13
Unterengstringen,ZH,4345,3.34
Unterentfelden,AG,4550,2.88
Unteriberg,SZ,2476,46.43
Unterkulm,AG,3801,8.88
Unterlangenegg,BE,1072,6.8
Unterlunkhofen,AG,1688,4.49
Unterramsern,SO,225,1.58
Unterschächen,UR,746,80.28
Unterseen,BE,5708,13.99
Untersiggenthal,AG,7812,8.28
Untervaz,GR,2674,27.72
Urdorf,ZH,10503,7.58
Urmein,GR,163,4.32
Urnäsch,AR,2373,48.16
Ursenbach,BE,903,9.17
Ursins,VD,232,3.36
Ursy,FR,4056,17.13
Urtenen-Schönbühl,BE,6545,7.19
Uster,ZH,36563,28.49
Uttigen,BE,2176,3.81
Uttwil,TG,1921,4.36
Utzenstorf,BE,4469,16.94
Uznach,SG,7038,7.54
Uzwil,SG,14570,14.49
Vacallo,TI,3491,1.63
Val de Bagnes,VS,10907,301.91
Val Mara,TI,3005,11.16
Val Müstair,GR,1430,198.65
Val Terbi,JU,3270,46.69
Val-d’Illiez,VS,2145,39.26
Val-de-Charmey,FR,2729,111.62
Val-de-Ruz,NE,17514,124.31
Val-de-Travers,NE,10691,124.74
Valbirse,BE,3974,18.68
Valbroye,VD,3425,33.55
Valeyres-sous-Montagny,VD,707,2.28
Valeyres-sous-Rances,VD,578,6.34
Valeyres-sous-Ursins,VD,235,2.87
Vallon,FR,534,3.51
Vallorbe,VD,4319,23.19
Vals,GR,958,175.56
Valsot,GR,801,158.95
Vandoeuvres,GE,3030,4.42
Varen,VS,700,12.92
Vaulion,VD,488,13.15
Vaulruz,FR,1130,10.1
Vaux-sur-Morges,VD,185,2.11
Vaz/Obervaz,GR,2732,42.51
Vechigen,BE,5982,24.82
Veltheim (AG),AG,1600,5.24
Vendlincourt,JU,557,9.15
Vernate,TI,613,1.51
Vernayaz,VS,1928,5.59
Vernier,GE,37837,7.69
Vérossaz,VS,902,14.29
Versoix,GE,13996,10.51
Verzasca,TI,776,218.48
Vétroz,VS,6605,10.43
Vevey,VD,20142,2.4
Vex,VS,1980,13.04
Veyrier,GE,12085,6.5
Veysonnaz,VS,614,1.14
Veytaux,VD,1038,6.77
Vezia,TI,1958,1.39
Vich,VD,1182,1.55
Vico Morcote,TI,408,1.97
Villars-Epeney,VD,108,0.86
Villars-le-Comte,VD,132,4.19
Villars-le-Terroir,VD,1308,7.09
Villars-Sainte-Croix,VD,953,1.65
Villars-sous-Yens,VD,602,3.04
Villars-sur-Glâne,FR,12507,5.48
Villarsel-sur-Marly,FR,69,1.39
Villarzel,VD,523,7.66
Villaz,FR,2409,15.43
Villeneuve (VD),VD,6039,31.98
Villeret,BE,924,16.24
Villigen,AG,2231,11.21
Villmergen,AG,8242,11.94
Villorsonnens,FR,1546,15.47
Vilters-Wangs,SG,5121,32.72
Vinelz,BE,910,4.57
Vinzel,VD,387,1.1
Vionnaz,VS,3024,20.95
Visp,VS,8838,13.2
Visperterminen,VS,1318,51.65
Vitznau,LU,1476,8.92
Volken,ZH,382,3.2
Volketswil,ZH,19854,14.04
Vordemwald,AG,2039,10.14
Vorderthal,SZ,1035,27.97
Vouvry,VS,4803,33.51
Vuadens,FR,2579,10.45
Vuarrens,VD,1119,8.97
Vucherens,VD,621,3.28
Vufflens-la-Ville,VD,1342,5.38
Vufflens-le-Château,VD,837,2.13
Vugelles-La Mothe,VD,146,3.07
Vuisternens-devant-Romont,FR,2383,24.02
Vuiteboeuf,VD,608,5.06
Vulliens,VD,628,6.63
Vullierens,VD,547,6.84
Vully-les-Lacs,VD,3627,21.11
Wachseldorn,BE,238,3.51
Wädenswil,ZH,25704,35.64
Wagenhausen,TG,1858,11.82
Wahlen,BL,1592,5.41
Walchwil,ZG,3995,13.54
Wald (AR),AR,929,6.83
Wald (BE),BE,1198,13.3
Wald (ZH),ZH,10620,25.27
Waldenburg,BL,1124,8.32
Wäldi,TG,1171,12.21
Waldkirch,SG,3576,31.34
Waldstatt,AR,1867,6.75
Walenstadt,SG,5926,45.72
Walkringen,BE,1829,17.21
Wallbach,AG,2065,4.55
Wallisellen,ZH,17765,6.42
Walliswil bei Niederbipp,BE,222,1.47
Walliswil bei Wangen,BE,632,3.07
Walperswil,BE,1045,6.96
Waltenschwil,AG,3186,4.54
Walterswil (BE),BE,555,7.87
Walterswil (SO),SO,772,4.48
Walzenhausen,AR,2054,7
Wangen (SZ),SZ,5583,8.46
Wangen an der Aare,BE,2920,8.13
Wangen bei Olten,SO,5532,6.96
Wangen-Brüttisellen,ZH,8292,7.92
Wängi,TG,5065,16.43
Wartau,SG,5595,41.75
Warth-Weiningen,TG,1476,8.21
Wassen,UR,431,96.88
Wasterkingen,ZH,594,3.96
Wattenwil,BE,3230,14.54
Wattwil,SG,9165,51.17
Wauwil,LU,2660,2.96
Weesen,SG,1898,5.4
Wegenstetten,AG,1017,7.12
Weggis,LU,4707,11.79
Weiach,ZH,2123,9.58
Weinfelden,TG,12504,15.48
Weiningen (ZH),ZH,5108,5.38
Weisslingen,ZH,3496,12.81
Welschenrohr-Gänsbrunnen,SO,1209,24.46
Wengi,BE,633,7.08
Wenslingen,BL,712,5.92
Werthenstein,LU,2181,15.8
Wettingen,AG,21856,10.6
Wettswil am Albis,ZH,5337,3.77
Wetzikon (ZH),ZH,26977,16.81
Wichtrach,BE,4466,11.6
Widen,AG,3815,2.62
Widnau,SG,10409,4.22
Wiedlisbach,BE,2654,7.5
Wiesendangen,ZH,6798,19.17
Wiggiswil,BE,96,1.44
Wigoltingen,TG,2640,17.13
Wikon,LU,1503,8.28
Wil (SG),SG,25176,20.82
Wil (ZH),ZH,1572,8.94
Wila,ZH,2113,9.19
Wilchingen,SH,1738,21.1
Wildberg,ZH,1013,10.57
Wilderswil,BE,2768,13.19
Wildhaus-Alt St. Johann,SG,2601,87.53
Wilen (TG),TG,2506,2.25
Wiler (Lötschen),VS,528,14.86
Wiler bei Utzenstorf,BE,1032,3.82
Wileroltigen,BE,380,4.15
Wiliberg,AG,170,1.17
Willadingen,BE,196,2.17
Willisau,LU,9242,47.22
Wimmis,BE,2735,22.35
Windisch,AG,8153,4.91
Winkel,ZH,5086,8.11
Wintersingen,BL,602,6.95
Winterthur,ZH,120376,68.07
Winznau,SO,2053,3.94
Wisen (SO),SO,438,4.79
Wittenbach,SG,10142,12.2
Witterswil,SO,1500,2.67
Wittinsburg,BL,449,3.2
Wittnau,AG,1429,11.25
Wohlen,AG,17816,12.48
Wohlen bei Bern,BE,9283,36.32
Wohlenschwil,AG,1855,4.39
Wolfenschiessen,NW,2121,92.7
Wolfhalden,AR,1888,6.93
Wölflinswil,AG,1077,9.51
Wolfwil,SO,2443,6.88
Wolhusen,LU,4747,14.29
Wollerau,SZ,7596,6.31
Worb,BE,11595,21.08
Worben,BE,2615,2.76
Wünnewil-Flamatt,FR,5814,13.27
Wuppenau,TG,1213,12.12
Würenlingen,AG,5262,9.37
Würenlos,AG,6931,9.03
Wynau,BE,1701,5.07
Wynigen,BE,2097,28.32
Wyssachen,BE,1124,11.69
Yens,VD,1498,9.51
Yverdon-les-Bains,VD,30292,13.54
Yvonand,VD,3524,13.42
Yvorne,VD,1109,12.2
Zäziwil,BE,1669,5.41
Zeglingen,BL,519,7.91
Zeihen,AG,1265,6.88
Zeiningen,AG,2545,11.37
Zell (LU),LU,2205,13.91
Zell (ZH),ZH,6809,12.97
Zeneggen,VS,355,7.56
Zermatt,VS,6099,242.72
Zernez,GR,1592,344.04
Zetzwil,AG,1381,5.8
Ziefen,BL,1708,7.82
Zielebach,BE,323,1.91
Zihlschlacht-Sitterdorf,TG,2624,12.21
Zillis-Reischen,GR,426,24.48
Zizers,GR,3691,11.01
Zofingen,AG,12876,11.08
Zollikofen,BE,11591,5.39
Zollikon,ZH,13584,7.85
Zuchwil,SO,9616,4.63
Zufikon,AG,4906,4.81
Zug,ZG,32122,21.63
Zullwil,SO,701,3.66
Zumikon,ZH,5754,5.48
Zunzgen,BL,2790,6.86
Zuoz,GR,1224,65.78
Zürich,ZH,436551,87.93
Zurzach,AG,8336,25.99
Zuzgen,AG,909,8.39
Zuzwil (BE),BE,555,3.47
Zuzwil (SG),SG,5033,8.97
Zweisimmen,BE,3059,73
Zwingen,BL,2848,4.61
Zwischbergen,VS,71,86.03